[{"line":1,"elements":[{"start_timestamp":"2024-01-19T18:31:21.130Z","line":15,"name":"I am on DbankDemo website","description":"","id":"money-transfer-to-visa;i-am-on-dbankdemo-website;;2","type":"scenario","keyword":"Scenario Outline","steps":[{"result":{"duration":160487759200,"status":"passed"},"line":4,"name":"I am on the dbankwebpage","match":{"location":"stepDefs.DirectPaymentToVisasteps.i_am_on_the_dbankwebpage()"},"keyword":"When "},{"result":{"error_message":"org.openqa.selenium.NoSuchWindowException: no such window: target window already closed\nfrom unknown error: web view not found\n  (Session info: chrome=120.0.6099.225)\nBuild info: version: '4.11.0', revision: '040bc5406b'\nSystem info: os.name: 'Windows 10', os.arch: 'amd64', os.version: '10.0', java.version: '17.0.7'\nDriver info: org.openqa.selenium.chrome.ChromeDriver\nCommand: [12d4ea555b8914818df281ee7a2a25d4, findElement {using=id, value=username}]\nCapabilities {acceptInsecureCerts: false, browserName: chrome, browserVersion: 120.0.6099.225, chrome: {chromedriverVersion: 120.0.6099.109 (3419140ab66..., userDataDir: C:\\WINDOWS\\SystemTemp\\scope...}, fedcm:accounts: true, goog:chromeOptions: {debuggerAddress: localhost:31627}, networkConnectionEnabled: false, pageLoadStrategy: normal, platformName: windows, proxy: Proxy(), se:cdp: ws://localhost:31627/devtoo..., se:cdpVersion: 120.0.6099.225, setWindowRect: true, strictFileInteractability: false, timeouts: {implicit: 0, pageLoad: 300000, script: 30000}, unhandledPromptBehavior: dismiss and notify, webauthn:extension:credBlob: true, webauthn:extension:largeBlob: true, webauthn:extension:minPinLength: true, webauthn:extension:prf: true, webauthn:virtualAuthenticators: true}\nSession ID: 12d4ea555b8914818df281ee7a2a25d4\r\n\tat java.base/jdk.internal.reflect.NativeConstructorAccessorImpl.newInstance0(Native Method)\r\n\tat java.base/jdk.internal.reflect.NativeConstructorAccessorImpl.newInstance(NativeConstructorAccessorImpl.java:77)\r\n\tat java.base/jdk.internal.reflect.DelegatingConstructorAccessorImpl.newInstance(DelegatingConstructorAccessorImpl.java:45)\r\n\tat java.base/java.lang.reflect.Constructor.newInstanceWithCaller(Constructor.java:499)\r\n\tat java.base/java.lang.reflect.Constructor.newInstance(Constructor.java:480)\r\n\tat org.openqa.selenium.remote.codec.w3c.W3CHttpResponseCodec.createException(W3CHttpResponseCodec.java:200)\r\n\tat org.openqa.selenium.remote.codec.w3c.W3CHttpResponseCodec.decode(W3CHttpResponseCodec.java:133)\r\n\tat org.openqa.selenium.remote.codec.w3c.W3CHttpResponseCodec.decode(W3CHttpResponseCodec.java:52)\r\n\tat org.openqa.selenium.remote.HttpCommandExecutor.execute(HttpCommandExecutor.java:191)\r\n\tat org.openqa.selenium.remote.service.DriverCommandExecutor.invokeExecute(DriverCommandExecutor.java:196)\r\n\tat org.openqa.selenium.remote.service.DriverCommandExecutor.execute(DriverCommandExecutor.java:171)\r\n\tat org.openqa.selenium.remote.RemoteWebDriver.execute(RemoteWebDriver.java:518)\r\n\tat org.openqa.selenium.remote.ElementLocation$ElementFinder$2.findElement(ElementLocation.java:165)\r\n\tat org.openqa.selenium.remote.ElementLocation.findElement(ElementLocation.java:66)\r\n\tat org.openqa.selenium.remote.RemoteWebDriver.findElement(RemoteWebDriver.java:355)\r\n\tat org.openqa.selenium.remote.RemoteWebDriver.findElement(RemoteWebDriver.java:349)\r\n\tat stepDefs.DirectPaymentToVisasteps.i_sign_in_using_valid_credentials(DirectPaymentToVisasteps.java:45)\r\n\tat ✽.I sign in using valid credentials(file:///C:/Users/DELL/git/SignInDBankDemo/RLLProject/src/test/java/feature/m6_DirectPaymentToVisa.feature:5)\r\n","duration":98943000,"status":"failed"},"line":5,"name":"I sign in using valid credentials","match":{"location":"stepDefs.DirectPaymentToVisasteps.i_sign_in_using_valid_credentials()"},"keyword":"Then "},{"result":{"duration":1000200,"status":"skipped"},"line":6,"name":"I enter on the Home Page","match":{"location":"stepDefs.DirectPaymentToVisasteps.i_enter_on_the_home_page()"},"keyword":"And "},{"result":{"duration":999100,"status":"skipped"},"line":7,"name":"I  click on Direct Transer to visa","match":{"location":"stepDefs.DirectPaymentToVisasteps.i_click_on_direct_transer_to_visa()"},"keyword":"Then "},{"result":{"duration":10993300,"status":"skipped"},"line":8,"name":"I select the visa account number","match":{"location":"stepDefs.DirectPaymentToVisasteps.i_select_the_visa_account_number()"},"keyword":"Then "},{"result":{"status":"skipped"},"line":9,"name":"I give the transfer amount as '1000'","match":{"arguments":[{"val":"'1000'","offset":30}],"location":"stepDefs.DirectPaymentToVisasteps.i_give_the_transfer_amount_as(java.lang.String)"},"keyword":"Then "},{"result":{"status":"skipped"},"line":10,"name":"I click on  submit","match":{"location":"stepDefs.DirectPaymentToVisasteps.i_click_on_submit()"},"keyword":"And "},{"result":{"duration":999300,"status":"skipped"},"line":11,"name":"I will get result as 'Service Unavailable'","match":{"arguments":[{"val":"'Service Unavailable'","offset":21}],"location":"stepDefs.DirectPaymentToVisasteps.i_will_get_result_as(java.lang.String)"},"keyword":"And "}]}],"name":"Money transfer to Visa","description":"","id":"money-transfer-to-visa","keyword":"Feature","uri":"file:src/test/java/feature/m6_DirectPaymentToVisa.feature","tags":[]}]